Cycle,NInd,NFam,AvgPropMissing,AvgPairwiseDiv,AvgObsHet,AvgSegFam,SdSegFam
C0,21,NA,0.00606909430438842,0.323225199052909,0.0183037386772742,NA,NA
C1,1080,45,0.0193930041152263,0.317914850255752,0.0802259999534191,103.285714285714,25.3196980237509
C2,1296,54,0.00557774550149278,0.312186138531655,0.157890211527797,108.333333333333,28.5974005943673
C3,960,40,0.0656420206971677,0.319329364974366,0.157590407756199,138.5,18.9709629670567
