,C0.Mean,C0.Sd,C1.Ran.Mean,C1.Ran.Sd,C1.Sel.Mean,C1.Sel.Sd,C2.Ran.Mean,C2.Ran.Sd,C2.Sel.Mean,C2.Sel.Sd,C3.Ran.Mean,C3.Ran.Sd,C3.Sel.Mean,C3.Sel.Sd
Noncoding,63187.4444444444,1132.30427329418,62161.4862068966,1845.85337626267,62626.0588235294,1566.94083442155,60686.5742574257,1769.22406351787,60531.5142857143,1771.74826260503,59707.7111111111,1391.11060311573,59854.78,1070.96447643977
Synonymous,17414.3333333333,333.304665433894,17001.6689655172,488.363095323918,17218.1470588235,414.925357959462,16654.7128712871,471.590295418251,16592.3238095238,486.479039299388,16358.6666666667,486.742231576427,16457.84,381.043966609886
Nonsynonymous,13778.0555555556,315.08289707019,13533.3,390.145341119475,13730.5588235294,358.743012094944,13262.5247524752,354.842686103558,13234.6666666667,385.624934027339,13059.0222222222,366.160824631677,13120.9,305.871004556776
Deleterious,225.5,28.8734561593903,229.051724137931,22.8220302826286,224.25,22.7152227214171,216.336633663366,21.3851711368989,225.733333333333,19.8742521226812,218.022222222222,15.5219622835295,205.86,16.4292049567289
