Class,Tot,N_Anc,Prop_Anc
All,487366,283021,0.580715519753
Noncoding,370820,188988,0.509648886252
Synonymous,55055,47176,0.856888565979
Nonsynonymous,57723,44258,0.766730765899
Deleterious,3768,2599,0.689755838641
