Cycle,All,Noncoding,Synonymous,Nonsynonymous,Deleterious
All,0.169753103,0.167982787,0.186304463,0.165113209,0.121734668
C0,0.190949018,0.188395211,0.210060583,0.188795724,0.148420179
C1,0.185832986,0.183541738,0.204420989,0.182547739,0.138306534
C2,0.161233717,0.159568023,0.177185535,0.156505146,0.11481939
C3,0.152130221,0.150967506,0.16578825,0.146407248,0.104947129
